{
  "resources": [
    "output.mp3",
    "output.m4a”,
    "output.ogg”
  ],
  "spritemap": {
    "a0": {
      "start": 0,
      "end": 7.428888888888889,
      "loop": false
    },
    "a1": {
      "start": 9,
      "end": 16.48281179138322,
      "loop": false
    },
    "a2": {
      "start": 18,
      "end": 25.43907029478458,
      "loop": false
    },
    "a3": {
      "start": 27,
      "end": 34.43517006802721,
      "loop": false
    },
    "as0": {
      "start": 36,
      "end": 43.43437641723356,
      "loop": false
    },
    "as1": {
      "start": 45,
      "end": 52.44766439909297,
      "loop": false
    },
    "as2": {
      "start": 54,
      "end": 61.44687074829932,
      "loop": false
    },
    "as3": {
      "start": 63,
      "end": 70.42108843537414,
      "loop": false
    },
    "b0": {
      "start": 72,
      "end": 79.49063492063492,
      "loop": false
    },
    "b1": {
      "start": 81,
      "end": 88.48750566893423,
      "loop": false
    },
    "b2": {
      "start": 90,
      "end": 97.48514739229024,
      "loop": false
    },
    "b3": {
      "start": 99,
      "end": 103.68045351473923,
      "loop": false
    },
    "c0": {
      "start": 105,
      "end": 112.45077097505668,
      "loop": false
    },
    "c1": {
      "start": 114,
      "end": 121.46875283446713,
      "loop": false
    },
    "c2": {
      "start": 123,
      "end": 130.39061224489797,
      "loop": false
    },
    "c3": {
      "start": 132,
      "end": 139.44219954648526,
      "loop": false
    },
    "cs0": {
      "start": 141,
      "end": 148.37031746031747,
      "loop": false
    },
    "cs1": {
      "start": 150,
      "end": 157.47344671201813,
      "loop": false
    },
    "cs2": {
      "start": 159,
      "end": 166.47891156462586,
      "loop": false
    },
    "cs3": {
      "start": 168,
      "end": 175.4945351473923,
      "loop": false
    },
    "d0": {
      "start": 177,
      "end": 184.42578231292518,
      "loop": false
    },
    "d1": {
      "start": 186,
      "end": 193.29374149659864,
      "loop": false
    },
    "d2": {
      "start": 195,
      "end": 202.39843537414967,
      "loop": false
    },
    "d3": {
      "start": 204,
      "end": 211.2726530612245,
      "loop": false
    },
    "ds0": {
      "start": 213,
      "end": 220.46328798185942,
      "loop": false
    },
    "ds1": {
      "start": 222,
      "end": 229.46092970521542,
      "loop": false
    },
    "ds2": {
      "start": 231,
      "end": 238.48281179138323,
      "loop": false
    },
    "ds3": {
      "start": 240,
      "end": 247.48437641723356,
      "loop": false
    },
    "e0": {
      "start": 249,
      "end": 256.36641723356007,
      "loop": false
    },
    "e1": {
      "start": 258,
      "end": 265.44843537414965,
      "loop": false
    },
    "e2": {
      "start": 267,
      "end": 274.4742176870748,
      "loop": false
    },
    "e3": {
      "start": 276,
      "end": 283.452335600907,
      "loop": false
    },
    "f0": {
      "start": 285,
      "end": 292.3132879818594,
      "loop": false
    },
    "f1": {
      "start": 294,
      "end": 301.4796825396825,
      "loop": false
    },
    "f2": {
      "start": 303,
      "end": 310.402358276644,
      "loop": false
    },
    "f3": {
      "start": 312,
      "end": 319.47578231292516,
      "loop": false
    },
    "fs0": {
      "start": 321,
      "end": 328.42031746031745,
      "loop": false
    },
    "fs1": {
      "start": 330,
      "end": 337.4351700680272,
      "loop": false
    },
    "fs2": {
      "start": 339,
      "end": 346.4562585034014,
      "loop": false
    },
    "fs3": {
      "start": 348,
      "end": 355.454693877551,
      "loop": false
    },
    "g0": {
      "start": 357,
      "end": 364.32891156462586,
      "loop": false
    },
    "g1": {
      "start": 366,
      "end": 373.4289115646259,
      "loop": false
    },
    "g2": {
      "start": 375,
      "end": 382.46015873015875,
      "loop": false
    },
    "g3": {
      "start": 384,
      "end": 391.4468707482993,
      "loop": false
    },
    "gs0": {
      "start": 393,
      "end": 400.4468707482993,
      "loop": false
    },
    "gs1": {
      "start": 402,
      "end": 409.4406349206349,
      "loop": false
    },
    "gs2": {
      "start": 411,
      "end": 418.4507709750567,
      "loop": false
    },
    "gs3": {
      "start": 420,
      "end": 427.40702947845807,
      "loop": false
    }
  }
}